Orbital period,Unc,Time of transit,Unc
0.68921014528086988,1.4839741213980031e-07,53.191138659698261,0.0001465840037184982
