Orbital period,Unc,Time of transit,Unc
0.68921057204824943,5.487173148360401e-07,53.190228932118522,0.00065040074590871715
