Orbital period,Unc,Time of transit,Unc
0.6892106409553419,5.6132981837526957e-07,53.190148995429873,0.00066404446763272825
